Identifier,Cluster
36 - BetaCoV/USA/WA 1/2020,1
38 - BetaCoV/USA/IL 1/2020,1
39 - BetaCoV/USA/CA2/2020,1
40 - BetaCoV/USA/AZ1/2020,1
47 - BetaCoV/USA/CA1/2020,1
51 - BetaCoV/Singapore/ 1/2020,1
52 - BetaCoV/Australia/VICO1/2020,1
54 - BetaCoV/England/01/2020,1
55 - BetaCoV/England/02/2020,1
56 - BetaCoV/Finland/1/2020,1
10 - BetaCoV/Wuhan/HBCDC-HB-01/2019,2
20 - BetaCoV/Nonthaburi/6 1/2020,2
23 - BetaCoV/Nonthaburi/74/2020,2
26 - BetaCoV/Guangdong/20SFO0 12/2020,2
27 - BetaCoV/Guangdong/20SFO0 13/2020,2
28 - BetaCoV/Guangdong/20SFO0 14/2020,2
29 - BetaCoV/Guangdong/20SF025/2020,2
33 - BetaCoV/Guangdong/20SF028/2020,2
35 - BetaCoV/Guangdong/20SF040/2020,2
49 - BetaCo V/France/IDF0372/2020,2
2 - BetaCov/Wuhan/WHO01/2019,3
6 - BetaCoV/Wuhan/WIV02/2019,3
7 - BetaCoV/Wuhan/WIV05/2019,3
8 - BetaCoV/Wuhan/WIV06/2019,3
9 - BetaCoV/Wuhan/WIV07/2019,3
16 - BetaCov/Wuhan/WH03/2020,3
17 - BetaCoV/China/WHU01/2020,3
18 - BetaCoV/China/WHU02/2020,3
19 - BetaCov/Wuhan/WH04/2020,3
21 - BetaCoV/Shenzhen/HKU-SZ-002/2020,3
30 - BetaCoV/Zhejiang/WZ-0 1/2020,3
31 - BetaCoV/Shenzhen/SZTH-003/2020,3
32 - BetaCoV/Shenzhen/SZTH-004/2020,3
34 - BetaCoV/Zhejiang/WZ-02/2020,3
37 - BetaCoV/Zhejiang/Hangzhou- 1/2020,3
46 - BetaCoV/Taiwan/2/2020,3
50 - BetaCoV/France/IDF0373/2020,3
53 - BetaCoV/Germany/BavPat 1/2020,3
5 - BetaCoV/Wuhan/WIV04/2019,4
11 - BetaCoV/Wuhan/IPBCAMS-WH-04/2019,4
12 - BetaCoV/Wuhan/IPBCAMS-WH-03/2019,4
13 - BetaCoV/Wuhan/IPBCAMS-WH-02/2019,4
14 - BetaCoV/Wuhan/IV DC-HB-04/2020,4
15 - BetaCoV/Wuhan/IPBCAMS-WH-05/2020,4
22 - BetaCoV/Shenzhen/HKU-SZ-005/2020,4
24 - BetaCoV/Shenzhen/SZTH-00 1/2020,4
25 - BetaCoV/Shenzhen/SZTH-002/2020,4
41 - BetaCoV/Guangdong/20SF174/2020,5
42 - BetaCoV/Guangzhou/20SF206/2020,5
43 - BetaCo V/Foshan/20SF207/2020,5
44 - BetaCo V/Foshan/20SF2 10/2020,5
45 - BetaCoV/Foshan/20SF21 1/2020,5
48 - BetaCoV/Guangdong/20SF201/2020,5
1 - BetaCoV/Wuhan/IPBCAMS-WH-01/2019,6
3 - BetaCoV/Wuhan/IV DC-HB-01/2019,6
4 - BetaCoV/Wuhan/IV DC-HB-05/2019,6