Source sequence,Target sequence,Edge weight
11 - BetaCoV/Wuhan/IPBCAMS-WH-04/2019,12 - BetaCoV/Wuhan/IPBCAMS-WH-03/2019,29885
3 - BetaCoV/Wuhan/IV DC-HB-01/2019,4 - BetaCoV/Wuhan/IV DC-HB-05/2019,29883
4 - BetaCoV/Wuhan/IV DC-HB-05/2019,5 - BetaCoV/Wuhan/WIV04/2019,29883
17 - BetaCoV/China/WHU01/2020,18 - BetaCoV/China/WHU02/2020,29879
14 - BetaCoV/Wuhan/IV DC-HB-04/2020,15 - BetaCoV/Wuhan/IPBCAMS-WH-05/2020,29872
12 - BetaCoV/Wuhan/IPBCAMS-WH-03/2019,13 - BetaCoV/Wuhan/IPBCAMS-WH-02/2019,29870
13 - BetaCoV/Wuhan/IPBCAMS-WH-02/2019,14 - BetaCoV/Wuhan/IV DC-HB-04/2020,29867
39 - BetaCoV/USA/CA2/2020,40 - BetaCoV/USA/AZ1/2020,29862
38 - BetaCoV/USA/IL 1/2020,39 - BetaCoV/USA/CA2/2020,29850
26 - BetaCoV/Guangdong/20SFO0 12/2020,27 - BetaCoV/Guangdong/20SFO0 13/2020,29843
27 - BetaCoV/Guangdong/20SFO0 13/2020,28 - BetaCoV/Guangdong/20SFO0 14/2020,29831
28 - BetaCoV/Guangdong/20SFO0 14/2020,29 - BetaCoV/Guangdong/20SF025/2020,29831
54 - BetaCoV/England/01/2020,55 - BetaCoV/England/02/2020,29830
43 - BetaCo V/Foshan/20SF207/2020,44 - BetaCo V/Foshan/20SF2 10/2020,29828
42 - BetaCoV/Guangzhou/20SF206/2020,43 - BetaCo V/Foshan/20SF207/2020,29825
24 - BetaCoV/Shenzhen/SZTH-00 1/2020,25 - BetaCoV/Shenzhen/SZTH-002/2020,29813
44 - BetaCo V/Foshan/20SF2 10/2020,45 - BetaCoV/Foshan/20SF21 1/2020,29801
41 - BetaCoV/Guangdong/20SF174/2020,42 - BetaCoV/Guangzhou/20SF206/2020,29797
51 - BetaCoV/Singapore/ 1/2020,52 - BetaCoV/Australia/VICO1/2020,29736
55 - BetaCoV/England/02/2020,56 - BetaCoV/Finland/1/2020,29643
1 - BetaCoV/Wuhan/IPBCAMS-WH-01/2019,3 - BetaCoV/Wuhan/IV DC-HB-01/2019,29346
23 - BetaCoV/Nonthaburi/74/2020,26 - BetaCoV/Guangdong/20SFO0 12/2020,29290
22 - BetaCoV/Shenzhen/HKU-SZ-005/2020,24 - BetaCoV/Shenzhen/SZTH-00 1/2020,29263
36 - BetaCoV/USA/WA 1/2020,38 - BetaCoV/USA/IL 1/2020,29091
33 - BetaCoV/Guangdong/20SF028/2020,35 - BetaCoV/Guangdong/20SF040/2020,29072
52 - BetaCoV/Australia/VICO1/2020,54 - BetaCoV/England/01/2020,28883
45 - BetaCoV/Foshan/20SF21 1/2020,48 - BetaCoV/Guangdong/20SF201/2020,28741
40 - BetaCoV/USA/AZ1/2020,47 - BetaCoV/USA/CA1/2020,28651
20 - BetaCoV/Nonthaburi/6 1/2020,23 - BetaCoV/Nonthaburi/74/2020,28587
29 - BetaCoV/Guangdong/20SF025/2020,33 - BetaCoV/Guangdong/20SF028/2020,28478
47 - BetaCoV/USA/CA1/2020,51 - BetaCoV/Singapore/ 1/2020,28287
35 - BetaCoV/Guangdong/20SF040/2020,49 - BetaCo V/France/IDF0372/2020,27834
25 - BetaCoV/Shenzhen/SZTH-002/2020,36 - BetaCoV/USA/WA 1/2020,27734
10 - BetaCoV/Wuhan/HBCDC-HB-01/2019,20 - BetaCoV/Nonthaburi/6 1/2020,27513
15 - BetaCoV/Wuhan/IPBCAMS-WH-05/2020,22 - BetaCoV/Shenzhen/HKU-SZ-005/2020,27049
5 - BetaCoV/Wuhan/WIV04/2019,11 - BetaCoV/Wuhan/IPBCAMS-WH-04/2019,26905
30 - BetaCoV/Zhejiang/WZ-0 1/2020,50 - BetaCoV/France/IDF0373/2020,26605
37 - BetaCoV/Zhejiang/Hangzhou- 1/2020,46 - BetaCoV/Taiwan/2/2020,20289
31 - BetaCoV/Shenzhen/SZTH-003/2020,32 - BetaCoV/Shenzhen/SZTH-004/2020,20102
18 - BetaCoV/China/WHU02/2020,46 - BetaCoV/Taiwan/2/2020,3045
5 - BetaCoV/Wuhan/WIV04/2019,6 - BetaCoV/Wuhan/WIV02/2019,848
52 - BetaCoV/Australia/VICO1/2020,53 - BetaCoV/Germany/BavPat 1/2020,839
53 - BetaCoV/Germany/BavPat 1/2020,54 - BetaCoV/England/01/2020,837
10 - BetaCoV/Wuhan/HBCDC-HB-01/2019,16 - BetaCov/Wuhan/WH03/2020,812
16 - BetaCov/Wuhan/WH03/2020,20 - BetaCoV/Nonthaburi/6 1/2020,806
6 - BetaCoV/Wuhan/WIV02/2019,11 - BetaCoV/Wuhan/IPBCAMS-WH-04/2019,771
33 - BetaCoV/Guangdong/20SF028/2020,34 - BetaCoV/Zhejiang/WZ-02/2020,771
34 - BetaCoV/Zhejiang/WZ-02/2020,35 - BetaCoV/Guangdong/20SF040/2020,771
36 - BetaCoV/USA/WA 1/2020,37 - BetaCoV/Zhejiang/Hangzhou- 1/2020,762
37 - BetaCoV/Zhejiang/Hangzhou- 1/2020,38 - BetaCoV/USA/IL 1/2020,762
8 - BetaCoV/Wuhan/WIV06/2019,10 - BetaCoV/Wuhan/HBCDC-HB-01/2019,755
19 - BetaCov/Wuhan/WH04/2020,22 - BetaCoV/Shenzhen/HKU-SZ-005/2020,748
32 - BetaCoV/Shenzhen/SZTH-004/2020,34 - BetaCoV/Zhejiang/WZ-02/2020,747
48 - BetaCoV/Guangdong/20SF201/2020,49 - BetaCo V/France/IDF0372/2020,742
15 - BetaCoV/Wuhan/IPBCAMS-WH-05/2020,19 - BetaCov/Wuhan/WH04/2020,731
20 - BetaCoV/Nonthaburi/6 1/2020,21 - BetaCoV/Shenzhen/HKU-SZ-002/2020,727
6 - BetaCoV/Wuhan/WIV02/2019,7 - BetaCoV/Wuhan/WIV05/2019,725
35 - BetaCoV/Guangdong/20SF040/2020,41 - BetaCoV/Guangdong/20SF174/2020,717
21 - BetaCoV/Shenzhen/HKU-SZ-002/2020,23 - BetaCoV/Nonthaburi/74/2020,715
21 - BetaCoV/Shenzhen/HKU-SZ-002/2020,41 - BetaCoV/Guangdong/20SF174/2020,715
9 - BetaCoV/Wuhan/WIV07/2019,17 - BetaCoV/China/WHU01/2020,713
5 - BetaCoV/Wuhan/WIV04/2019,7 - BetaCoV/Wuhan/WIV05/2019,711
34 - BetaCoV/Zhejiang/WZ-02/2020,41 - BetaCoV/Guangdong/20SF174/2020,709
7 - BetaCoV/Wuhan/WIV05/2019,19 - BetaCov/Wuhan/WH04/2020,703
7 - BetaCoV/Wuhan/WIV05/2019,11 - BetaCoV/Wuhan/IPBCAMS-WH-04/2019,698
2 - BetaCov/Wuhan/WHO01/2019,9 - BetaCoV/Wuhan/WIV07/2019,686
21 - BetaCoV/Shenzhen/HKU-SZ-002/2020,31 - BetaCoV/Shenzhen/SZTH-003/2020,685
46 - BetaCoV/Taiwan/2/2020,47 - BetaCoV/USA/CA1/2020,685
46 - BetaCoV/Taiwan/2/2020,53 - BetaCoV/Germany/BavPat 1/2020,678
40 - BetaCoV/USA/AZ1/2020,46 - BetaCoV/Taiwan/2/2020,676
16 - BetaCov/Wuhan/WH03/2020,21 - BetaCoV/Shenzhen/HKU-SZ-002/2020,674
8 - BetaCoV/Wuhan/WIV06/2019,16 - BetaCov/Wuhan/WH03/2020,664
29 - BetaCoV/Guangdong/20SF025/2020,31 - BetaCoV/Shenzhen/SZTH-003/2020,656
21 - BetaCoV/Shenzhen/HKU-SZ-002/2020,34 - BetaCoV/Zhejiang/WZ-02/2020,654
7 - BetaCoV/Wuhan/WIV05/2019,37 - BetaCoV/Zhejiang/Hangzhou- 1/2020,653
9 - BetaCoV/Wuhan/WIV07/2019,30 - BetaCoV/Zhejiang/WZ-0 1/2020,651
19 - BetaCov/Wuhan/WH04/2020,37 - BetaCoV/Zhejiang/Hangzhou- 1/2020,644
18 - BetaCoV/China/WHU02/2020,30 - BetaCoV/Zhejiang/WZ-0 1/2020,641
8 - BetaCoV/Wuhan/WIV06/2019,41 - BetaCoV/Guangdong/20SF174/2020,629
32 - BetaCoV/Shenzhen/SZTH-004/2020,33 - BetaCoV/Guangdong/20SF028/2020,628
32 - BetaCoV/Shenzhen/SZTH-004/2020,41 - BetaCoV/Guangdong/20SF174/2020,617
2 - BetaCov/Wuhan/WHO01/2019,17 - BetaCoV/China/WHU01/2020,613
16 - BetaCov/Wuhan/WH03/2020,41 - BetaCoV/Guangdong/20SF174/2020,607
19 - BetaCov/Wuhan/WH04/2020,53 - BetaCoV/Germany/BavPat 1/2020,605
16 - BetaCov/Wuhan/WH03/2020,34 - BetaCoV/Zhejiang/WZ-02/2020,603
7 - BetaCoV/Wuhan/WIV05/2019,53 - BetaCoV/Germany/BavPat 1/2020,600
16 - BetaCov/Wuhan/WH03/2020,31 - BetaCoV/Shenzhen/SZTH-003/2020,596
8 - BetaCoV/Wuhan/WIV06/2019,21 - BetaCoV/Shenzhen/HKU-SZ-002/2020,594
6 - BetaCoV/Wuhan/WIV02/2019,19 - BetaCov/Wuhan/WH04/2020,587
8 - BetaCoV/Wuhan/WIV06/2019,34 - BetaCoV/Zhejiang/WZ-02/2020,587
2 - BetaCov/Wuhan/WHO01/2019,30 - BetaCoV/Zhejiang/WZ-0 1/2020,585
8 - BetaCoV/Wuhan/WIV06/2019,31 - BetaCoV/Shenzhen/SZTH-003/2020,584
46 - BetaCoV/Taiwan/2/2020,49 - BetaCo V/France/IDF0372/2020,584
8 - BetaCoV/Wuhan/WIV06/2019,9 - BetaCoV/Wuhan/WIV07/2019,579
15 - BetaCoV/Wuhan/IPBCAMS-WH-05/2020,17 - BetaCoV/China/WHU01/2020,571
19 - BetaCov/Wuhan/WH04/2020,31 - BetaCoV/Shenzhen/SZTH-003/2020,550
50 - BetaCoV/France/IDF0373/2020,53 - BetaCoV/Germany/BavPat 1/2020,547
29 - BetaCoV/Guangdong/20SF025/2020,30 - BetaCoV/Zhejiang/WZ-0 1/2020,546
49 - BetaCo V/France/IDF0372/2020,50 - BetaCoV/France/IDF0373/2020,546
22 - BetaCoV/Shenzhen/HKU-SZ-005/2020,23 - BetaCoV/Nonthaburi/74/2020,545
10 - BetaCoV/Wuhan/HBCDC-HB-01/2019,11 - BetaCoV/Wuhan/IPBCAMS-WH-04/2019,544
23 - BetaCoV/Nonthaburi/74/2020,24 - BetaCoV/Shenzhen/SZTH-00 1/2020,544
25 - BetaCoV/Shenzhen/SZTH-002/2020,26 - BetaCoV/Guangdong/20SFO0 12/2020,544
35 - BetaCoV/Guangdong/20SF040/2020,36 - BetaCoV/USA/WA 1/2020,544
19 - BetaCov/Wuhan/WH04/2020,21 - BetaCoV/Shenzhen/HKU-SZ-002/2020,539
6 - BetaCoV/Wuhan/WIV02/2019,10 - BetaCoV/Wuhan/HBCDC-HB-01/2019,538
35 - BetaCoV/Guangdong/20SF040/2020,37 - BetaCoV/Zhejiang/Hangzhou- 1/2020,536
2 - BetaCov/Wuhan/WHO01/2019,3 - BetaCoV/Wuhan/IV DC-HB-01/2019,535
45 - BetaCoV/Foshan/20SF21 1/2020,46 - BetaCoV/Taiwan/2/2020,535
1 - BetaCoV/Wuhan/IPBCAMS-WH-01/2019,2 - BetaCov/Wuhan/WHO01/2019,534
18 - BetaCoV/China/WHU02/2020,20 - BetaCoV/Nonthaburi/6 1/2020,534
40 - BetaCoV/USA/AZ1/2020,41 - BetaCoV/Guangdong/20SF174/2020,533
15 - BetaCoV/Wuhan/IPBCAMS-WH-05/2020,16 - BetaCov/Wuhan/WH03/2020,532
20 - BetaCoV/Nonthaburi/6 1/2020,22 - BetaCoV/Shenzhen/HKU-SZ-005/2020,532
21 - BetaCoV/Shenzhen/HKU-SZ-002/2020,22 - BetaCoV/Shenzhen/HKU-SZ-005/2020,532
47 - BetaCoV/USA/CA1/2020,48 - BetaCoV/Guangdong/20SF201/2020,532
2 - BetaCov/Wuhan/WHO01/2019,6 - BetaCoV/Wuhan/WIV02/2019,530
47 - BetaCoV/USA/CA1/2020,49 - BetaCo V/France/IDF0372/2020,530
6 - BetaCoV/Wuhan/WIV02/2019,37 - BetaCoV/Zhejiang/Hangzhou- 1/2020,529
49 - BetaCo V/France/IDF0372/2020,51 - BetaCoV/Singapore/ 1/2020,529
37 - BetaCoV/Zhejiang/Hangzhou- 1/2020,41 - BetaCoV/Guangdong/20SF174/2020,527
46 - BetaCoV/Taiwan/2/2020,48 - BetaCoV/Guangdong/20SF201/2020,526
18 - BetaCoV/China/WHU02/2020,22 - BetaCoV/Shenzhen/HKU-SZ-005/2020,525
18 - BetaCoV/China/WHU02/2020,19 - BetaCov/Wuhan/WH04/2020,524
45 - BetaCoV/Foshan/20SF21 1/2020,47 - BetaCoV/USA/CA1/2020,522
49 - BetaCo V/France/IDF0372/2020,53 - BetaCoV/Germany/BavPat 1/2020,521
30 - BetaCoV/Zhejiang/WZ-0 1/2020,33 - BetaCoV/Guangdong/20SF028/2020,518
2 - BetaCov/Wuhan/WHO01/2019,8 - BetaCoV/Wuhan/WIV06/2019,516
10 - BetaCoV/Wuhan/HBCDC-HB-01/2019,17 - BetaCoV/China/WHU01/2020,511
48 - BetaCoV/Guangdong/20SF201/2020,51 - BetaCoV/Singapore/ 1/2020,510
18 - BetaCoV/China/WHU02/2020,21 - BetaCoV/Shenzhen/HKU-SZ-002/2020,503
34 - BetaCoV/Zhejiang/WZ-02/2020,37 - BetaCoV/Zhejiang/Hangzhou- 1/2020,502
16 - BetaCov/Wuhan/WH03/2020,30 - BetaCoV/Zhejiang/WZ-0 1/2020,501
32 - BetaCoV/Shenzhen/SZTH-004/2020,37 - BetaCoV/Zhejiang/Hangzhou- 1/2020,499
5 - BetaCoV/Wuhan/WIV04/2019,8 - BetaCoV/Wuhan/WIV06/2019,497
16 - BetaCov/Wuhan/WH03/2020,17 - BetaCoV/China/WHU01/2020,497
15 - BetaCoV/Wuhan/IPBCAMS-WH-05/2020,20 - BetaCoV/Nonthaburi/6 1/2020,497
25 - BetaCoV/Shenzhen/SZTH-002/2020,31 - BetaCoV/Shenzhen/SZTH-003/2020,496
50 - BetaCoV/France/IDF0373/2020,51 - BetaCoV/Singapore/ 1/2020,496
32 - BetaCoV/Shenzhen/SZTH-004/2020,36 - BetaCoV/USA/WA 1/2020,494
19 - BetaCov/Wuhan/WH04/2020,20 - BetaCoV/Nonthaburi/6 1/2020,493
6 - BetaCoV/Wuhan/WIV02/2019,9 - BetaCoV/Wuhan/WIV07/2019,491
8 - BetaCoV/Wuhan/WIV06/2019,11 - BetaCoV/Wuhan/IPBCAMS-WH-04/2019,488
30 - BetaCoV/Zhejiang/WZ-0 1/2020,31 - BetaCoV/Shenzhen/SZTH-003/2020,488
15 - BetaCoV/Wuhan/IPBCAMS-WH-05/2020,21 - BetaCoV/Shenzhen/HKU-SZ-002/2020,485
2 - BetaCov/Wuhan/WHO01/2019,10 - BetaCoV/Wuhan/HBCDC-HB-01/2019,484
34 - BetaCoV/Zhejiang/WZ-02/2020,36 - BetaCoV/USA/WA 1/2020,484
6 - BetaCoV/Wuhan/WIV02/2019,53 - BetaCoV/Germany/BavPat 1/2020,484
7 - BetaCoV/Wuhan/WIV05/2019,16 - BetaCov/Wuhan/WH03/2020,483
5 - BetaCoV/Wuhan/WIV04/2019,10 - BetaCoV/Wuhan/HBCDC-HB-01/2019,482
9 - BetaCoV/Wuhan/WIV07/2019,11 - BetaCoV/Wuhan/IPBCAMS-WH-04/2019,482
7 - BetaCoV/Wuhan/WIV05/2019,17 - BetaCoV/China/WHU01/2020,482
25 - BetaCoV/Shenzhen/SZTH-002/2020,30 - BetaCoV/Zhejiang/WZ-0 1/2020,482
16 - BetaCov/Wuhan/WH03/2020,19 - BetaCov/Wuhan/WH04/2020,481
18 - BetaCoV/China/WHU02/2020,31 - BetaCoV/Shenzhen/SZTH-003/2020,481
19 - BetaCov/Wuhan/WH04/2020,34 - BetaCoV/Zhejiang/WZ-02/2020,481
48 - BetaCoV/Guangdong/20SF201/2020,53 - BetaCoV/Germany/BavPat 1/2020,481
6 - BetaCoV/Wuhan/WIV02/2019,8 - BetaCoV/Wuhan/WIV06/2019,480
32 - BetaCoV/Shenzhen/SZTH-004/2020,50 - BetaCoV/France/IDF0373/2020,479
48 - BetaCoV/Guangdong/20SF201/2020,50 - BetaCoV/France/IDF0373/2020,479
21 - BetaCoV/Shenzhen/HKU-SZ-002/2020,53 - BetaCoV/Germany/BavPat 1/2020,479
16 - BetaCov/Wuhan/WH03/2020,22 - BetaCoV/Shenzhen/HKU-SZ-005/2020,478
21 - BetaCoV/Shenzhen/HKU-SZ-002/2020,30 - BetaCoV/Zhejiang/WZ-0 1/2020,477
18 - BetaCoV/China/WHU02/2020,41 - BetaCoV/Guangdong/20SF174/2020,477
7 - BetaCoV/Wuhan/WIV05/2019,8 - BetaCoV/Wuhan/WIV06/2019,472
9 - BetaCoV/Wuhan/WIV07/2019,10 - BetaCoV/Wuhan/HBCDC-HB-01/2019,472
6 - BetaCoV/Wuhan/WIV02/2019,17 - BetaCoV/China/WHU01/2020,472
47 - BetaCoV/USA/CA1/2020,50 - BetaCoV/France/IDF0373/2020,472
2 - BetaCov/Wuhan/WHO01/2019,7 - BetaCoV/Wuhan/WIV05/2019,469
9 - BetaCoV/Wuhan/WIV07/2019,16 - BetaCov/Wuhan/WH03/2020,468
19 - BetaCov/Wuhan/WH04/2020,30 - BetaCoV/Zhejiang/WZ-0 1/2020,467
6 - BetaCoV/Wuhan/WIV02/2019,21 - BetaCoV/Shenzhen/HKU-SZ-002/2020,466
30 - BetaCoV/Zhejiang/WZ-0 1/2020,36 - BetaCoV/USA/WA 1/2020,466
25 - BetaCoV/Shenzhen/SZTH-002/2020,34 - BetaCoV/Zhejiang/WZ-02/2020,465
10 - BetaCoV/Wuhan/HBCDC-HB-01/2019,19 - BetaCov/Wuhan/WH04/2020,463
2 - BetaCov/Wuhan/WHO01/2019,19 - BetaCov/Wuhan/WH04/2020,462
46 - BetaCoV/Taiwan/2/2020,50 - BetaCoV/France/IDF0373/2020,461
7 - BetaCoV/Wuhan/WIV05/2019,9 - BetaCoV/Wuhan/WIV07/2019,460
30 - BetaCoV/Zhejiang/WZ-0 1/2020,34 - BetaCoV/Zhejiang/WZ-02/2020,460
21 - BetaCoV/Shenzhen/HKU-SZ-002/2020,37 - BetaCoV/Zhejiang/Hangzhou- 1/2020,459
7 - BetaCoV/Wuhan/WIV05/2019,10 - BetaCoV/Wuhan/HBCDC-HB-01/2019,458
30 - BetaCoV/Zhejiang/WZ-0 1/2020,37 - BetaCoV/Zhejiang/Hangzhou- 1/2020,453
19 - BetaCov/Wuhan/WH04/2020,41 - BetaCoV/Guangdong/20SF174/2020,453
34 - BetaCoV/Zhejiang/WZ-02/2020,50 - BetaCoV/France/IDF0373/2020,452
9 - BetaCoV/Wuhan/WIV07/2019,37 - BetaCoV/Zhejiang/Hangzhou- 1/2020,448
9 - BetaCoV/Wuhan/WIV07/2019,31 - BetaCoV/Shenzhen/SZTH-003/2020,446
5 - BetaCoV/Wuhan/WIV04/2019,9 - BetaCoV/Wuhan/WIV07/2019,445
6 - BetaCoV/Wuhan/WIV02/2019,31 - BetaCoV/Shenzhen/SZTH-003/2020,445
8 - BetaCoV/Wuhan/WIV06/2019,37 - BetaCoV/Zhejiang/Hangzhou- 1/2020,445
32 - BetaCoV/Shenzhen/SZTH-004/2020,53 - BetaCoV/Germany/BavPat 1/2020,445
7 - BetaCoV/Wuhan/WIV05/2019,21 - BetaCoV/Shenzhen/HKU-SZ-002/2020,444
8 - BetaCoV/Wuhan/WIV06/2019,17 - BetaCoV/China/WHU01/2020,443
18 - BetaCoV/China/WHU02/2020,34 - BetaCoV/Zhejiang/WZ-02/2020,443
16 - BetaCov/Wuhan/WH03/2020,37 - BetaCoV/Zhejiang/Hangzhou- 1/2020,441
30 - BetaCoV/Zhejiang/WZ-0 1/2020,41 - BetaCoV/Guangdong/20SF174/2020,441
34 - BetaCoV/Zhejiang/WZ-02/2020,53 - BetaCoV/Germany/BavPat 1/2020,438
2 - BetaCov/Wuhan/WHO01/2019,16 - BetaCov/Wuhan/WH03/2020,434
9 - BetaCoV/Wuhan/WIV07/2019,53 - BetaCoV/Germany/BavPat 1/2020,434
9 - BetaCoV/Wuhan/WIV07/2019,21 - BetaCoV/Shenzhen/HKU-SZ-002/2020,430
6 - BetaCoV/Wuhan/WIV02/2019,16 - BetaCov/Wuhan/WH03/2020,428
2 - BetaCov/Wuhan/WHO01/2019,37 - BetaCoV/Zhejiang/Hangzhou- 1/2020,428
9 - BetaCoV/Wuhan/WIV07/2019,41 - BetaCoV/Guangdong/20SF174/2020,428
2 - BetaCov/Wuhan/WHO01/2019,31 - BetaCoV/Shenzhen/SZTH-003/2020,425
9 - BetaCoV/Wuhan/WIV07/2019,19 - BetaCov/Wuhan/WH04/2020,424
8 - BetaCoV/Wuhan/WIV06/2019,19 - BetaCov/Wuhan/WH04/2020,419
2 - BetaCov/Wuhan/WHO01/2019,21 - BetaCoV/Shenzhen/HKU-SZ-002/2020,418
6 - BetaCoV/Wuhan/WIV02/2019,30 - BetaCoV/Zhejiang/WZ-0 1/2020,412
18 - BetaCoV/China/WHU02/2020,37 - BetaCoV/Zhejiang/Hangzhou- 1/2020,412
16 - BetaCov/Wuhan/WH03/2020,53 - BetaCoV/Germany/BavPat 1/2020,410
7 - BetaCoV/Wuhan/WIV05/2019,34 - BetaCoV/Zhejiang/WZ-02/2020,409
8 - BetaCoV/Wuhan/WIV06/2019,53 - BetaCoV/Germany/BavPat 1/2020,409
8 - BetaCoV/Wuhan/WIV06/2019,30 - BetaCoV/Zhejiang/WZ-0 1/2020,408
7 - BetaCoV/Wuhan/WIV05/2019,30 - BetaCoV/Zhejiang/WZ-0 1/2020,407
18 - BetaCoV/China/WHU02/2020,53 - BetaCoV/Germany/BavPat 1/2020,403
7 - BetaCoV/Wuhan/WIV05/2019,31 - BetaCoV/Shenzhen/SZTH-003/2020,400
7 - BetaCoV/Wuhan/WIV05/2019,41 - BetaCoV/Guangdong/20SF174/2020,400
9 - BetaCoV/Wuhan/WIV07/2019,34 - BetaCoV/Zhejiang/WZ-02/2020,399
2 - BetaCov/Wuhan/WHO01/2019,34 - BetaCoV/Zhejiang/WZ-02/2020,395
6 - BetaCoV/Wuhan/WIV02/2019,34 - BetaCoV/Zhejiang/WZ-02/2020,395
6 - BetaCoV/Wuhan/WIV02/2019,41 - BetaCoV/Guangdong/20SF174/2020,395
2 - BetaCov/Wuhan/WHO01/2019,53 - BetaCoV/Germany/BavPat 1/2020,338
2 - BetaCov/Wuhan/WHO01/2019,41 - BetaCoV/Guangdong/20SF174/2020,336
31 - BetaCoV/Shenzhen/SZTH-003/2020,34 - BetaCoV/Zhejiang/WZ-02/2020,256
18 - BetaCoV/China/WHU02/2020,32 - BetaCoV/Shenzhen/SZTH-004/2020,239
30 - BetaCoV/Zhejiang/WZ-0 1/2020,32 - BetaCoV/Shenzhen/SZTH-004/2020,220
31 - BetaCoV/Shenzhen/SZTH-003/2020,33 - BetaCoV/Guangdong/20SF028/2020,207
35 - BetaCoV/Guangdong/20SF040/2020,46 - BetaCoV/Taiwan/2/2020,204
2 - BetaCov/Wuhan/WHO01/2019,32 - BetaCoV/Shenzhen/SZTH-004/2020,201
9 - BetaCoV/Wuhan/WIV07/2019,32 - BetaCoV/Shenzhen/SZTH-004/2020,196
37 - BetaCoV/Zhejiang/Hangzhou- 1/2020,53 - BetaCoV/Germany/BavPat 1/2020,189
31 - BetaCoV/Shenzhen/SZTH-003/2020,46 - BetaCoV/Taiwan/2/2020,188
31 - BetaCoV/Shenzhen/SZTH-003/2020,41 - BetaCoV/Guangdong/20SF174/2020,185
34 - BetaCoV/Zhejiang/WZ-02/2020,46 - BetaCoV/Taiwan/2/2020,182
7 - BetaCoV/Wuhan/WIV05/2019,32 - BetaCoV/Shenzhen/SZTH-004/2020,169
25 - BetaCoV/Shenzhen/SZTH-002/2020,32 - BetaCoV/Shenzhen/SZTH-004/2020,162
21 - BetaCoV/Shenzhen/HKU-SZ-002/2020,32 - BetaCoV/Shenzhen/SZTH-004/2020,158
31 - BetaCoV/Shenzhen/SZTH-003/2020,37 - BetaCoV/Zhejiang/Hangzhou- 1/2020,158
16 - BetaCov/Wuhan/WH03/2020,32 - BetaCoV/Shenzhen/SZTH-004/2020,157
37 - BetaCoV/Zhejiang/Hangzhou- 1/2020,50 - BetaCoV/France/IDF0373/2020,157
31 - BetaCoV/Shenzhen/SZTH-003/2020,53 - BetaCoV/Germany/BavPat 1/2020,156
8 - BetaCoV/Wuhan/WIV06/2019,32 - BetaCoV/Shenzhen/SZTH-004/2020,155
32 - BetaCoV/Shenzhen/SZTH-004/2020,46 - BetaCoV/Taiwan/2/2020,154
31 - BetaCoV/Shenzhen/SZTH-003/2020,36 - BetaCoV/USA/WA 1/2020,152
29 - BetaCoV/Guangdong/20SF025/2020,32 - BetaCoV/Shenzhen/SZTH-004/2020,151
21 - BetaCoV/Shenzhen/HKU-SZ-002/2020,46 - BetaCoV/Taiwan/2/2020,149
30 - BetaCoV/Zhejiang/WZ-0 1/2020,46 - BetaCoV/Taiwan/2/2020,147
19 - BetaCov/Wuhan/WH04/2020,32 - BetaCoV/Shenzhen/SZTH-004/2020,146
37 - BetaCoV/Zhejiang/Hangzhou- 1/2020,49 - BetaCo V/France/IDF0372/2020,145
31 - BetaCoV/Shenzhen/SZTH-003/2020,50 - BetaCoV/France/IDF0373/2020,145
6 - BetaCoV/Wuhan/WIV02/2019,32 - BetaCoV/Shenzhen/SZTH-004/2020,129
19 - BetaCov/Wuhan/WH04/2020,46 - BetaCoV/Taiwan/2/2020,129
51 - BetaCoV/Singapore/ 1/2020,54 - BetaCoV/England/01/2020,101
8 - BetaCoV/Wuhan/WIV06/2019,46 - BetaCoV/Taiwan/2/2020,97
16 - BetaCov/Wuhan/WH03/2020,46 - BetaCoV/Taiwan/2/2020,85
22 - BetaCoV/Shenzhen/HKU-SZ-005/2020,25 - BetaCoV/Shenzhen/SZTH-002/2020,75
6 - BetaCoV/Wuhan/WIV02/2019,46 - BetaCoV/Taiwan/2/2020,63
2 - BetaCov/Wuhan/WHO01/2019,46 - BetaCoV/Taiwan/2/2020,61
9 - BetaCoV/Wuhan/WIV07/2019,46 - BetaCoV/Taiwan/2/2020,61
7 - BetaCoV/Wuhan/WIV05/2019,46 - BetaCoV/Taiwan/2/2020,51
44 - BetaCo V/Foshan/20SF2 10/2020,48 - BetaCoV/Guangdong/20SF201/2020,35
12 - BetaCoV/Wuhan/IPBCAMS-WH-03/2019,14 - BetaCoV/Wuhan/IV DC-HB-04/2020,21
36 - BetaCoV/USA/WA 1/2020,39 - BetaCoV/USA/CA2/2020,18
47 - BetaCoV/USA/CA1/2020,56 - BetaCoV/Finland/1/2020,13
27 - BetaCoV/Guangdong/20SFO0 13/2020,29 - BetaCoV/Guangdong/20SF025/2020,12
40 - BetaCoV/USA/AZ1/2020,51 - BetaCoV/Singapore/ 1/2020,12
47 - BetaCoV/USA/CA1/2020,52 - BetaCoV/Australia/VICO1/2020,12
52 - BetaCoV/Australia/VICO1/2020,56 - BetaCoV/Finland/1/2020,12
14 - BetaCoV/Wuhan/IV DC-HB-04/2020,22 - BetaCoV/Shenzhen/HKU-SZ-005/2020,11
32 - BetaCoV/Shenzhen/SZTH-004/2020,52 - BetaCoV/Australia/VICO1/2020,10
23 - BetaCoV/Nonthaburi/74/2020,28 - BetaCoV/Guangdong/20SFO0 14/2020,9
28 - BetaCoV/Guangdong/20SFO0 14/2020,33 - BetaCoV/Guangdong/20SF028/2020,9
19 - BetaCov/Wuhan/WH04/2020,52 - BetaCoV/Australia/VICO1/2020,9
1 - BetaCoV/Wuhan/IPBCAMS-WH-01/2019,12 - BetaCoV/Wuhan/IPBCAMS-WH-03/2019,8
15 - BetaCoV/Wuhan/IPBCAMS-WH-05/2020,24 - BetaCoV/Shenzhen/SZTH-00 1/2020,8
14 - BetaCoV/Wuhan/IV DC-HB-04/2020,31 - BetaCoV/Shenzhen/SZTH-003/2020,7
23 - BetaCoV/Nonthaburi/74/2020,49 - BetaCo V/France/IDF0372/2020,7
3 - BetaCoV/Wuhan/IV DC-HB-01/2019,5 - BetaCoV/Wuhan/WIV04/2019,6
13 - BetaCoV/Wuhan/IPBCAMS-WH-02/2019,15 - BetaCoV/Wuhan/IPBCAMS-WH-05/2020,6
36 - BetaCoV/USA/WA 1/2020,40 - BetaCoV/USA/AZ1/2020,6
38 - BetaCoV/USA/IL 1/2020,40 - BetaCoV/USA/AZ1/2020,6
41 - BetaCoV/Guangdong/20SF174/2020,43 - BetaCo V/Foshan/20SF207/2020,6
42 - BetaCoV/Guangzhou/20SF206/2020,44 - BetaCo V/Foshan/20SF2 10/2020,6
39 - BetaCoV/USA/CA2/2020,47 - BetaCoV/USA/CA1/2020,6
39 - BetaCoV/USA/CA2/2020,51 - BetaCoV/Singapore/ 1/2020,6
47 - BetaCoV/USA/CA1/2020,54 - BetaCoV/England/01/2020,6
32 - BetaCoV/Shenzhen/SZTH-004/2020,42 - BetaCoV/Guangzhou/20SF206/2020,5
37 - BetaCoV/Zhejiang/Hangzhou- 1/2020,52 - BetaCoV/Australia/VICO1/2020,4
39 - BetaCoV/USA/CA2/2020,52 - BetaCoV/Australia/VICO1/2020,4
49 - BetaCo V/France/IDF0372/2020,52 - BetaCoV/Australia/VICO1/2020,4
11 - BetaCoV/Wuhan/IPBCAMS-WH-04/2019,13 - BetaCoV/Wuhan/IPBCAMS-WH-02/2019,3
19 - BetaCov/Wuhan/WH04/2020,24 - BetaCoV/Shenzhen/SZTH-00 1/2020,3
24 - BetaCoV/Shenzhen/SZTH-00 1/2020,31 - BetaCoV/Shenzhen/SZTH-003/2020,3
15 - BetaCoV/Wuhan/IPBCAMS-WH-05/2020,36 - BetaCoV/USA/WA 1/2020,3
25 - BetaCoV/Shenzhen/SZTH-002/2020,38 - BetaCoV/USA/IL 1/2020,3
24 - BetaCoV/Shenzhen/SZTH-00 1/2020,39 - BetaCoV/USA/CA2/2020,3
32 - BetaCoV/Shenzhen/SZTH-004/2020,39 - BetaCoV/USA/CA2/2020,3
25 - BetaCoV/Shenzhen/SZTH-002/2020,40 - BetaCoV/USA/AZ1/2020,3
43 - BetaCo V/Foshan/20SF207/2020,48 - BetaCoV/Guangdong/20SF201/2020,3
29 - BetaCoV/Guangdong/20SF025/2020,49 - BetaCo V/France/IDF0372/2020,3
2 - BetaCov/Wuhan/WHO01/2019,52 - BetaCoV/Australia/VICO1/2020,3
7 - BetaCoV/Wuhan/WIV05/2019,52 - BetaCoV/Australia/VICO1/2020,3
9 - BetaCoV/Wuhan/WIV07/2019,52 - BetaCoV/Australia/VICO1/2020,3
31 - BetaCoV/Shenzhen/SZTH-003/2020,52 - BetaCoV/Australia/VICO1/2020,3
48 - BetaCoV/Guangdong/20SF201/2020,52 - BetaCoV/Australia/VICO1/2020,3
52 - BetaCoV/Australia/VICO1/2020,55 - BetaCoV/England/02/2020,3
54 - BetaCoV/England/01/2020,56 - BetaCoV/Finland/1/2020,3
2 - BetaCov/Wuhan/WHO01/2019,22 - BetaCoV/Shenzhen/HKU-SZ-005/2020,2
16 - BetaCov/Wuhan/WH03/2020,24 - BetaCoV/Shenzhen/SZTH-00 1/2020,2
12 - BetaCoV/Wuhan/IPBCAMS-WH-03/2019,31 - BetaCoV/Shenzhen/SZTH-003/2020,2
22 - BetaCoV/Shenzhen/HKU-SZ-005/2020,34 - BetaCoV/Zhejiang/WZ-02/2020,2
15 - BetaCoV/Wuhan/IPBCAMS-WH-05/2020,39 - BetaCoV/USA/CA2/2020,2
37 - BetaCoV/Zhejiang/Hangzhou- 1/2020,42 - BetaCoV/Guangzhou/20SF206/2020,2
2 - BetaCov/Wuhan/WHO01/2019,50 - BetaCoV/France/IDF0373/2020,2
40 - BetaCoV/USA/AZ1/2020,50 - BetaCoV/France/IDF0373/2020,2
8 - BetaCoV/Wuhan/WIV06/2019,52 - BetaCoV/Australia/VICO1/2020,2
34 - BetaCoV/Zhejiang/WZ-02/2020,52 - BetaCoV/Australia/VICO1/2020,2
46 - BetaCoV/Taiwan/2/2020,52 - BetaCoV/Australia/VICO1/2020,2
50 - BetaCoV/France/IDF0373/2020,52 - BetaCoV/Australia/VICO1/2020,2
51 - BetaCoV/Singapore/ 1/2020,56 - BetaCoV/Finland/1/2020,2
5 - BetaCoV/Wuhan/WIV04/2019,12 - BetaCoV/Wuhan/IPBCAMS-WH-03/2019,1
8 - BetaCoV/Wuhan/WIV06/2019,13 - BetaCoV/Wuhan/IPBCAMS-WH-02/2019,1
2 - BetaCov/Wuhan/WHO01/2019,15 - BetaCoV/Wuhan/IPBCAMS-WH-05/2020,1
2 - BetaCov/Wuhan/WHO01/2019,20 - BetaCoV/Nonthaburi/6 1/2020,1
13 - BetaCoV/Wuhan/IPBCAMS-WH-02/2019,21 - BetaCoV/Shenzhen/HKU-SZ-002/2020,1
6 - BetaCoV/Wuhan/WIV02/2019,22 - BetaCoV/Shenzhen/HKU-SZ-005/2020,1
6 - BetaCoV/Wuhan/WIV02/2019,24 - BetaCoV/Shenzhen/SZTH-00 1/2020,1
18 - BetaCoV/China/WHU02/2020,24 - BetaCoV/Shenzhen/SZTH-00 1/2020,1
21 - BetaCoV/Shenzhen/HKU-SZ-002/2020,24 - BetaCoV/Shenzhen/SZTH-00 1/2020,1
23 - BetaCoV/Nonthaburi/74/2020,25 - BetaCoV/Shenzhen/SZTH-002/2020,1
16 - BetaCov/Wuhan/WH03/2020,26 - BetaCoV/Guangdong/20SFO0 12/2020,1
4 - BetaCoV/Wuhan/IV DC-HB-05/2019,30 - BetaCoV/Zhejiang/WZ-0 1/2020,1
24 - BetaCoV/Shenzhen/SZTH-00 1/2020,30 - BetaCoV/Zhejiang/WZ-0 1/2020,1
15 - BetaCoV/Wuhan/IPBCAMS-WH-05/2020,31 - BetaCoV/Shenzhen/SZTH-003/2020,1
28 - BetaCoV/Guangdong/20SFO0 14/2020,31 - BetaCoV/Shenzhen/SZTH-003/2020,1
12 - BetaCoV/Wuhan/IPBCAMS-WH-03/2019,32 - BetaCoV/Shenzhen/SZTH-004/2020,1
15 - BetaCoV/Wuhan/IPBCAMS-WH-05/2020,34 - BetaCoV/Zhejiang/WZ-02/2020,1
24 - BetaCoV/Shenzhen/SZTH-00 1/2020,34 - BetaCoV/Zhejiang/WZ-02/2020,1
29 - BetaCoV/Guangdong/20SF025/2020,34 - BetaCoV/Zhejiang/WZ-02/2020,1
18 - BetaCoV/China/WHU02/2020,36 - BetaCoV/USA/WA 1/2020,1
13 - BetaCoV/Wuhan/IPBCAMS-WH-02/2019,37 - BetaCoV/Zhejiang/Hangzhou- 1/2020,1
19 - BetaCov/Wuhan/WH04/2020,39 - BetaCoV/USA/CA2/2020,1
31 - BetaCoV/Shenzhen/SZTH-003/2020,39 - BetaCoV/USA/CA2/2020,1
19 - BetaCov/Wuhan/WH04/2020,40 - BetaCoV/USA/AZ1/2020,1
32 - BetaCoV/Shenzhen/SZTH-004/2020,40 - BetaCoV/USA/AZ1/2020,1
7 - BetaCoV/Wuhan/WIV05/2019,42 - BetaCoV/Guangzhou/20SF206/2020,1
16 - BetaCov/Wuhan/WH03/2020,42 - BetaCoV/Guangzhou/20SF206/2020,1
19 - BetaCov/Wuhan/WH04/2020,42 - BetaCoV/Guangzhou/20SF206/2020,1
34 - BetaCoV/Zhejiang/WZ-02/2020,42 - BetaCoV/Guangzhou/20SF206/2020,1
40 - BetaCoV/USA/AZ1/2020,42 - BetaCoV/Guangzhou/20SF206/2020,1
42 - BetaCoV/Guangzhou/20SF206/2020,46 - BetaCoV/Taiwan/2/2020,1
32 - BetaCoV/Shenzhen/SZTH-004/2020,47 - BetaCoV/USA/CA1/2020,1
44 - BetaCo V/Foshan/20SF2 10/2020,47 - BetaCoV/USA/CA1/2020,1
6 - BetaCoV/Wuhan/WIV02/2019,49 - BetaCo V/France/IDF0372/2020,1
40 - BetaCoV/USA/AZ1/2020,49 - BetaCo V/France/IDF0372/2020,1
16 - BetaCov/Wuhan/WH03/2020,50 - BetaCoV/France/IDF0373/2020,1
19 - BetaCov/Wuhan/WH04/2020,50 - BetaCoV/France/IDF0373/2020,1
9 - BetaCoV/Wuhan/WIV07/2019,51 - BetaCoV/Singapore/ 1/2020,1
6 - BetaCoV/Wuhan/WIV02/2019,52 - BetaCoV/Australia/VICO1/2020,1
16 - BetaCov/Wuhan/WH03/2020,52 - BetaCoV/Australia/VICO1/2020,1
13 - BetaCoV/Wuhan/IPBCAMS-WH-02/2019,53 - BetaCoV/Germany/BavPat 1/2020,1
24 - BetaCoV/Shenzhen/SZTH-00 1/2020,53 - BetaCoV/Germany/BavPat 1/2020,1
51 - BetaCoV/Singapore/ 1/2020,53 - BetaCoV/Germany/BavPat 1/2020,1
32 - BetaCoV/Shenzhen/SZTH-004/2020,54 - BetaCoV/England/01/2020,1
37 - BetaCoV/Zhejiang/Hangzhou- 1/2020,54 - BetaCoV/England/01/2020,1
46 - BetaCoV/Taiwan/2/2020,54 - BetaCoV/England/01/2020,1
19 - BetaCov/Wuhan/WH04/2020,55 - BetaCoV/England/02/2020,1
21 - BetaCoV/Shenzhen/HKU-SZ-002/2020,55 - BetaCoV/England/02/2020,1
49 - BetaCo V/France/IDF0372/2020,56 - BetaCoV/Finland/1/2020,1