X1,X2,X5,X6,X7,X8
2019-12-24,BetaCoV/Wuhan/IPBCAMS-WH-01/2019,Institute of Pathogen Biology,"No. 9 Dong Dan San Tiao, Dong Cheng District, Beijing, P.R. China","Institute of Pathogen Biology, Chinese Academy of Medical Sciences","Lili Ren, Jianwei Wang, Qi Jin, Zichun Xiang, Zhigiang Wu, Chao Wu, Yiwei Liu"
2019-12-26,BetaCov/Wuhan/WHO01/2019,General Hospital of Central Theater Command of People,"NO.627 Wuluo Road, Wuchang District, Wuhan, China",BGI,"Weijun Chen, Yuhai Bi, Weifeng Shi and Zhenhong Hu"
2019-12-30,BetaCoV/Wuhan/IV DC-HB-01/2019,National Institute for Viral Disease Control and Prevention,"155 Changbai Road, Changping District, Beijing 102206 China","National Institute for Viral Disease Control and Prevention, China CDC","Wenjie TanXiang ZhaoWenling Wang Xuejun MaYongzhong JiangRoujian Lu, Ji Wang, Weimin ZhouPeihua"
2019-12-30,BetaCoV/Wuhan/IV DC-HB-05/2019,National Institute for Viral Disease Control and Prevention,"155 Changbai Road, Changping District, Beijing 102206 China","National Institute for Viral Disease Control and Prevention, China CDC","Wenjie TanXuejun MaXiang ZhaoWenling Wang Yongzhong JiangRoujian LuJi WangPeihua Niu, Weimin Zhou,"
2019-12-30,BetaCoV/Wuhan/WIV04/2019,Wuhan Jinyintan Hospital,"Ist Yintan Road, Dongxihu District, Wuhan","Wuhan Institute of Virology, Chinese Academy of Sciences","Peng Zhou, Xing-Lou Yang, Ding-Yu Zhang, Lei Zhang, Yan Zhu, Hao-Rui Si, Zhengli Shi"
2019-12-30,BetaCoV/Wuhan/WIV02/2019,Wuhan Jinyintan Hospital,"Ist Yintan road, Dongxihu district, Wuhan","Wuhan Institute of Virology, Chinese Academy of Sciences","Peng Zhou, Xing-Lou Yang, Ding-Yu Zhang, Lei Zhang, Yan Zhu, Hao-Rui Si, Zhengli Shi"
2019-12-30,BetaCoV/Wuhan/WIV05/2019,Wuhan Jinyintan Hospital,"Ist Yintan road, Dongxihu district, Wuhan","Wuhan Institute of Virology, Chinese Academy of Sciences","Peng Zhou, Xing-Lou Yang, Ding-Yu Zhang, Lei Zhang, Yan Zhu, Hao-Rui Si, Zhengli Shi"
2019-12-30,BetaCoV/Wuhan/WIV06/2019,Wuhan Jinyintan Hospital,"Ist Yintan road, Dongxihu district, Wuhan","Wuhan Institute of Virology, Chinese Academy of Sciences","Peng Zhou, Xing-Lou Yang, Ding-Yu Zhang, Lei Zhang, Yan Zhu, Hao-Rui Si, Zhengli Shi"
2019-12-30,BetaCoV/Wuhan/WIV07/2019,Wuhan Jinyintan Hospital,"Ist Yintan road, Dongxihu district, Wuhan","Wuhan Institute of Virology, Chinese Academy of Sciences","Peng Zhou, Xing-Lou Yang, Ding-Yu Zhang, Lei Zhang, Yan Zhu, Hao-Rui Si, Zhengli Shi"
2019-12-30,BetaCoV/Wuhan/HBCDC-HB-01/2019,Wuhan Jinyintan Hospital,"1 Yintan Road, Dongxihu District, Wuhan City, Hubei Province, China, 430011",Hubei Provincial Center for Disease Control and Prevention,"Bin Fang, Xiang Li, Xiao Yu, Linlin Liu, Bo Yang, Faxian Zhan, Guojun Ye, Xixiang Huo, Jungiang Xu, Bo Yu,"
2019-12-30,BetaCoV/Wuhan/IPBCAMS-WH-04/2019,Institute of Pathogen Biology,"No. 9 Dong Dan San Tiao, Dong Cheng District, Beijing, P.R. China","Institute of Pathogen Biology, Chinese Academy of Medical Sciences","Lili Ren, Jianwei Wang, Qi Jin, Zichun Xiang, Zhigiang Wu, Chao Wu, Yiwei Liu"
2019-12-30,BetaCoV/Wuhan/IPBCAMS-WH-03/2019,Institute of Pathogen Biology,"No. 9 Dong Dan San Tiao, Dong Cheng District, Beijing, P.R. China","Institute of Pathogen Biology, Chinese Academy of Medical Sciences","Lili Ren, Jianwei Wang, Qi Jin, Zichun Xiang, Zhigiang Wu, Chao Wu, Yiwei Liu"
2019-12-30,BetaCoV/Wuhan/IPBCAMS-WH-02/2019,Institute of Pathogen Biology,"No. 9 Dong Dan San Tiao, Dong Cheng District, Beijing, P.R. China","Institute of Pathogen Biology, Chinese Academy of Medical Sciences","Lili Ren, Jianwei Wang, Qi Jin, Zichun Xiang, Zhigiang Wu, Chao Wu, Yiwei Liu"
2020-01-01,BetaCoV/Wuhan/IV DC-HB-04/2020,National Institute for Viral Disease Control and Prevention,"155 Changbai Road, Changping District, Beijing 102206 China","National Institute for Viral Disease Control and Prevention, China CDC",Wenjie TanXiang ZhaoWenling WangXuejyun MaYongzhong JiangRoujian LuJi WangWeimin ZhouPeihua
2020-01-01,BetaCoV/Wuhan/IPBCAMS-WH-05/2020,Institute of Pathogen Biology,"No. 9 Dong Dan San Tiao, Dong Cheng District, Beijing, P.R. China","Institute of Pathogen Biology, Chinese Academy of Medical Sciences","Lili Ren, Jianwei Wang, Qi Jin, Zichun Xiang, Zhigiang Wu, Chao Wu, Yiwei Liu"
2020-01-01,BetaCov/Wuhan/WH03/2020,General Hospital of Central Theater Command of People,"NO.627 Wuluo Road, Wuchang District, Wuhan, China",BGI,"Weijun Chen, Yuhai Bi, Weifeng Shi and Zhenhong Hu"
2020-01-02,BetaCoV/China/WHU01/2020,unknown,unknown,"State Key Laboratory of Virology, Wuhan University","Chen,L., Liu,W., Zhang,Q., Xu,K., Ye,G., Wu,W., Sun,Z., Liu,F., Wu,K., Mei, Y., Zhang,W., Chen, Y., Li,Y.,"
2020-01-02,BetaCoV/China/WHU02/2020,unknown,unknown,"State Key Laboratory of Virology, Wuhan University","Chen,L., Liu,W., Zhang,Q., Xu,K., Ye,G., Wu,W., Sun,Z., Liu,F., Wu,K., Mei, Y., Zhang,W., Chen, Y., Li,Y.,"
2020-01-05,BetaCov/Wuhan/WH04/2020,General Hospital of Central Theater Command of People,"NO.627 Wuluo Road, Wuchang District, Wuhan, China",BGI,"Weijun Chen, Yuhai Bi, Weifeng Shi and Zhenhong Hu"
2020-01-08,BetaCoV/Nonthaburi/6 1/2020,Bamrasnaradura Hospital,"38/4 Tiwanon Rd, Tambon Talat Kwan, Mueang, Nonthaburi 11000, Thailand","1. Department of Medical Sciences, Ministry of Public Health, Thailand","Pilailuk,Okada"
2020-01-10,BetaCoV/Shenzhen/HKU-SZ-002/2020,The University of Hong Kong - Shenzhen Hospital,"1 Haiyuan Ist Road, Futian District, Shenzhen 518053, Guangdong, China","Li Ka Shing Faculty of Medicine, The University of Hong Kong","Chan,J.F.-W., Yuan,S., Kok,K.H., To,K.K.-W., Chu,H., Yang,J., Xing,F., Liu,J., Yip,C.C.-Y., Poon,R.W--S.,"
2020-01-11,BetaCoV/Shenzhen/HKU-SZ-005/2020,The University of Hong Kong - Shenzhen Hospital,"1 Haiyuan Ist Road, Futian District, Shenzhen 518053, Guangdong, China","Li Ka Shing Faculty of Medicine, The University of Hong Kong","Chan,J.F.-W., Yuan,S., Kok,K.H., To,K.K.-W., Chu,H., Yang,J., Xing,F., Liu,J., Yip,C.C.-Y., Poon,R.W--S.,"
2020-01-13,BetaCoV/Nonthaburi/74/2020,Bamrasnaradura Hospital,"38/4 Tiwanon Rd, Tambon Talat Kwan, Mueang, Nonthaburi 11000, Thailand","1. Department of Medical Sciences, Ministry of Public Health, Thailand","Pilailuk,Okada"
2020-01-13,BetaCoV/Shenzhen/SZTH-00 1/2020,Shenzhen Third People,"NO. 29 Bulan road, Longgang district, Shenzhen, China","Shenzhen Key Laboratory of Pathogen and Immunity, National Clinical Research Center for Infectious","Yang Yang, Chenguang Shen, Li Xing, Zhixiang Xu, Haixia Zheng, Yingxia Liu"
2020-01-13,BetaCoV/Shenzhen/SZTH-002/2020,Shenzhen Key Laboratory of Pathogen and Immunity,"NO. 29 Bulan road, Longgang district, Shenzhen, China","Shenzhen Key Laboratory of Pathogen and Immunity, National Clinical Research Center for Infectious Disease,","Yang Yang, Chenguang Shen, Li Xing, Zhixiang Xu, Haixia Zheng, Yingxia Liu"
2020-01-14,BetaCoV/Guangdong/20SFO0 12/2020,Guangdong Provincial Center for Diseases Control and Prevention,"NO.160, Qunxian Road, Panyu District, Guangzhou, China","Department of Microbiology, Guangdong Provincial Center for Diseases Control and Prevention","Min Kang, Jie Wu, Jing Lu, Tao Liu, Baisheng Li, Shujiang Mei, Feng Ruan, Lifeng Lin, Changwen Ke, Haojie"
2020-01-15,BetaCoV/Guangdong/20SFO0 13/2020,Guangdong Provincial Center for Diseases Control and Prevention,"NO.160, Qunxian Road, Panyu District, Guangzhou, China","Department of Microbiology, Guangdong Provincial Center for Diseases Control and Prevention","Min Kang, Jie Wu, Jing Lu, Tao Liu, Baisheng Li, Shujiang Mei, Feng Ruan, Lifeng Lin, Changwen Ke, Haojie"
2020-01-15,BetaCoV/Guangdong/20SFO0 14/2020,Guangdong Provincial Center for Diseases Control and Prevention,"NO.160, Qunxian Road, Panyu District, Guangzhou, China","Department of Microbiology, Guangdong Provincial Center for Diseases Control and Prevention","Min Kang, Jie Wu, Jing Lu, Tao Liu, Baisheng Li, Shujiang Mei, Feng Ruan, Lifeng Lin, Changwen Ke, Haojie"
2020-01-15,BetaCoV/Guangdong/20SF025/2020,Guangdong Provincial Center for Diseases Control and Prevention,"NO.160, Qunxian Road, Panyu District, Guangzhou, China","Department of Microbiology, Guangdong Provincial Center for Diseases Control and Prevention","Min Kang, Jie Wu, Jing Lu, Tao Liu, Baisheng Li, Shujiang Mei, Feng Ruan, Lifeng Lin, Changwen Ke, Haojie"
2020-01-16,BetaCoV/Zhejiang/WZ-0 1/2020,Zhejiang Provincial Center for Disease Control and Prevention,"3399, Binsheng Road, Binjiang district, Hangzhou, 310051, China","Department of Microbiology, Zhejiang Provincial Center for Disease Control and Prevention","Yin Chen, Yanjun Zhang, Haiyan Mao, Junhang Pan, Xiuyu Lou, Yiyu Lu, Juying Yan, Hanping Zhu, Jian Gao,"
2020-01-16,BetaCoV/Shenzhen/SZTH-003/2020,Shenzhen Key Laboratory of Pathogen and Immunity,"NO. 29 Bulan road, Longgang District, Shenzhen, China","Shenzhen Key Laboratory of Pathogen and Immunity, National Clinical Research Center for Infectious Disease,","Yang Yang, Chenguang Shen, Li Xing, Zhixiang Xu, Haixia Zheng, Yingxia Liu"
2020-01-16,BetaCoV/Shenzhen/SZTH-004/2020,Shenzhen Key Laboratory of Pathogen and Immunity,"NO. 29 Bulan road, Longgang district, Shenzhen, China","Shenzhen Key Laboratory of Pathogen and Immunity, National Clinical Research Center for Infectious Disease,","Yang Yang, Chenguang Shen, Li Xing, Zhixiang Xu, Haixia Zheng, Yingxia Liu"
2020-01-17,BetaCoV/Guangdong/20SF028/2020,Guangdong Provincial Center for Diseases Control and Prevention,"NO.160, Qunxian Road, Panyu District, Guangzhou, China","Department of Microbiology, Guangdong Provincial Center for Diseases Control and Prevention","Min Kang, Jie Wu, Jing Lu, Tao Liu, Baisheng Li, Shujiang Mei, Feng Ruan, Lifeng Lin, Changwen Ke, Haojie"
2020-01-17,BetaCoV/Zhejiang/WZ-02/2020,Zhejiang Provincial Center for Disease Control and Prevention,"3399, Binsheng Road, Binjiang district, Hangzhou, 310051, China","Department of Microbiology, Zhejiang Provincial Center for Disease Control and Prevention","Yanjun Zhang, Yin Chen, Haiyan Mao, Junhang Pan, Xiuyu Lou, Yiyu Lu, Juying Yan, Hanping Zhu, Jian Gao,"
2020-01-18,BetaCoV/Guangdong/20SF040/2020,Guangdong Provincial Center for Diseases Control and Prevention,"NO.160, Qunxian Road, Panyu District, Guangzhou, China","Department of Microbiology, Guangdong Provincial Center for Diseases Control and Prevention","Min Kang, Jie Wu, Jing Lu, Tao Liu, Baisheng Li, Shujiang Mei, Feng Ruan, Lifeng Lin, Changwen Ke, Haojie"
2020-01-19,BetaCoV/USA/WA 1/2020,Providence Regional Medical Center,"1700 13th St, Everett, WA 98201","Division of Viral Diseases, Centers for Disease Control and Prevention","Queen,K., Tao, Y., Li,Y., Paden,C.R., Lu,X., Zhang,J., Gerber,S.I., Lindstrom,S., Tong,S."
2020-01-20,BetaCoV/Zhejiang/Hangzhou- 1/2020,Hangzhou Center for Disease and Control Microbiology Lab,"Mingshi Road 568, Hanghzhou, Zhejiang, China",Hangzhou Center for Disease and Control Microbiology Lab,"Yu Hua, Wang Haogiu, Li Jun, Yu Xinfeng"
2020-01-21,BetaCoV/USA/IL 1/2020,IL Department of Public Health Chicago Laboratory,"2121 West Taylor, Chicago IL 60612","Pathogen Discovery, Respiratory Viruses Branch, Division of Viral Diseases, Centers for Dieases Control and","Ying Tao, Krista Queen, Clinton R. Paden, Jing Zhang, Yan Li, Anna Uehara, Xiaoyan Lu, Brian Lynch, Senthil"
2020-01-22,BetaCoV/USA/CA2/2020,California Department of Public Health,850 Marina Bay Parkway Richmond CA 94804,"Pathogen Discovery, Respiratory Viruses Branch, Division of Viral Diseases, Centers for Dieases Control and","Anna Uehara, Krista Queen, Ying Tao, Yan Li, Clinton R. Paden, Jing Zhang, Xiaoyan Lu, Brian Lynch, Senthil"
2020-01-22,BetaCoV/USA/AZ1/2020,Arizona Department of Health Services,250 N. 17th Avenue Phoenix AZ 85007,"Pathogen Discovery, Respiratory Viruses Branch, Division of Viral Diseases, Centers for Disease Control and","Ying Tao, Clinton R. Paden, Krista Queen, Anna Uehara, Yan Li, Jing Zhang, Xiaoyan Lu, Brian Lynch, Senthil"
2020-01-22,BetaCoV/Guangdong/20SF174/2020,Guangdong Provincial Center for Diseases Contorl and Prevention,"No.160, Qunxian Road, Panyu district",Guangdong Provincial Center for Disease Control and Prevention,"Min Kang, Jie Wu, Jing Lu, Tao Liu, Baisheng Li, Shujiang Mei, Feng Ruan, Lifeng Lin, Changwen Ke, Haojie"
2020-01-22,BetaCoV/Guangzhou/20SF206/2020,Guangdong Provincial Center for Diseases Contorl and Prevention,"NO.160, Qunxian Road, Panyu District, Guangzhou, China",Guangdong Provincial Center for Diseases Control and Prevention,"Min Kang, Jie Wu, Jing Lu, Tao Liu, Baisheng Li, Shujiang Mei, Feng Ruan, Lifeng Lin, Changwen Ke, Haojie"
2020-01-22,BetaCo V/Foshan/20SF207/2020,Guangdong Provincial Center for Diseases Control and Prevention,"No.160, Qunxian Road, Panyu district",Guangdong Provincial Center for Diseases Control and Prevention,"Min Kang, Jie Wu, Jing Lu, Tao Liu, Baisheng Li, Shujiang Mei, Feng Ruan, Lifeng Lin, Changwen Ke, Haojie"
2020-01-22,BetaCo V/Foshan/20SF2 10/2020,Guangdong Provincial Center for Diseases Control and Prevention,"No.160, Qunxian Road, Panyu district",Guangdong Provincial Center for Diseases Control and Prevention,"Min Kang, Jie Wu, Jing Lu, Tao Liu, Baisheng Li, Shujiang Mei, Feng Ruan, Lifeng Lin, Changwen Ke, Haojie"
2020-01-22,BetaCoV/Foshan/20SF21 1/2020,Guangdong Provincial Center for Diseases Control and Prevention,"No.160, Qunxian Road, Panyu District, Guangzhou, China",Guangdong Provincial Center for Diseases Control and Prevention,"Min Kang, Jie Wu, Jing Lu, Tao Liu, Baisheng Li, Shujiang Mei, Feng Ruan, Lifeng Lin, Changwen Ke, Haojie"
2020-01-23,BetaCoV/Taiwan/2/2020,Centers for Disease Control,"161, Kunyang Street, 11561 Taipei, Taiwan","Centers for Disease Control, R.O.C.","Ji-Rong Yang, Yu-Chi Lin, Jung-Jung Mu, Ming-Tsan Liu, Shu- Ying Li"
2020-01-23,BetaCoV/USA/CA1/2020,California Department of Public Health,850 Marina Bay Parkway Richmond CA 94804,"Pathogen Discovery, Respiratory Viruses Branch, Division of Viral Diseases, Centers for Dieases Control and","Anna Uehara, Krista Queen, Ying Tao, Yan Li, Clinton R. Paden, Jing Zhang, Xiaoyan Lu, Brian Lynch, Senthil"
2020-01-23,BetaCoV/Guangdong/20SF201/2020,Guangdong Provincial Center for Diseases Control and Prevention,"NO.160, Qunxian Road, Panyu District, Guangzhou, China",Guangdong Provincial Center for Diseases Control and Prevention,"Min Kang, Jie Wu, Jing Lu, Tao Liu, Baisheng Li, Shujiang Mei, Feng Ruan, Lifeng Lin, Changwen Ke, Haojie"
2020-01-23,BetaCo V/France/IDF0372/2020,Department of Infectious and Tropical Diseases,"46, rue Henri Huchard","National Reference Center for Viruses of Respiratory Infections, Institut Pasteur, Paris",M
2020-01-23,BetaCoV/France/IDF0373/2020,Department of Infectious and Tropical Diseases,"46, rue Henri Huchard","National Reference Center for Viruses of Respiratory Infections, Institut Pasteur, Paris",M
2020-01-23,BetaCoV/Singapore/ 1/2020,Singapore General Hospital,"Molecular Laboratory, Division of Pathology",National Public Health Laboratory,"Mak, TM"
2020-01-25,BetaCoV/Australia/VICO1/2020,Monash Medical Centre,"246 Clayton Road, Clayton, Melbourne, VIC, Australia","Collaboration between the University of Melbourne at The Peter Doherty Institute for Infection and Immunity, and","Caly,L., Seemann,T., Schultz,M., Druce,J. and Taiaroa,G"
2020-01-28,BetaCoV/Germany/BavPat 1/2020,Charit,"Institute of Virology, Charit",Charit,"Victor M Corman, Julia Schneider, Talitha Veith, Barbara Miihlemann, Markus Antwerpen, Christian Drosten,"
2020-01-29,BetaCoV/England/01/2020,Respiratory Virus Unit,"61 Colindale Avenue, London, NW9 5EQ, United Kingdom","Respiratory Virus Unit, Microbiology Services Colindale, Public Health England","Monica Galiano, Shahjahan Miah, Richard Myers, Angie Lackenby, Omolola Akinbam1, Tiina Talts, Leena Bhaw,"
2020-01-29,BetaCoV/England/02/2020,Respiratory Virus Unit,"61 Colindale Avenue, London, NW9 5EQ, United Kingdom","Respiratory Virus Unit, Microbiology Services Colindale, Public Health England","Monica Galiano, Shahjahan Miah, Richard Myers, Angie Lackenby, Omolola Akinbam1, Tiina Talts, Leena Bhaw,"
2020-01-29,BetaCoV/Finland/1/2020,Lapland Central Hospital,"Lapland Hospital District, P.O. Box 8041, 96101 Finland","Department of Virology, University of Helsinki and Helsinki University Hospital, Helsinki, Finland","Teemu Smura, Suvi Kuivanen, Hannimari Kallio-Kokko, Olli Vapalahti"
